Sample1_Ex450_Em540,Unnamed: 1,Sample1_Ex450_Em620,Unnamed: 3
Time (s),Intensity (a.u.),Time (s),Intensity (a.u.)
0.25,99.25401306,0.916249991,22.82435417
1.663750052,100.268158,2.329999924,23.04797173
3.164999962,101.1100311,3.835000038,22.89120483
4.614999771,98.86958313,5.283750057,22.52816772
6.065000057,98.7953186,6.733749866,22.2959671
7.514999866,99.96976471,8.183750153,22.94174194
8.914999962,99.41466522,9.583749771,22.35398293
10.36499977,98.78339386,11.03374958,22.85562897
11.86499977,98.54445648,12.53374958,22.48324013
13.41499996,98.923172,14.08374977,22.66470528
14.86499977,100.0710526,15.53374958,22.9485054
16.36499977,99.18008423,17.03375053,23.0845108
17.81500053,99.17363739,18.48374939,22.42911339
19.26499939,97.73841858,19.93375015,22.353899
20.71500015,98.38290405,21.38375092,22.74506187
22.16500092,98.92391205,22.83499908,23.01487732
23.61499977,99.13056946,24.28375053,22.15923691
25.06500053,98.24702454,25.73374939,22.5293808
26.56500053,98.60249329,27.23374939,22.36454582
28.06500053,99.98976898,28.73374939,22.50044632
29.51499939,98.49234009,30.18499947,23.09035301
30.96500015,97.83592224,31.63375092,22.50930405
32.46500015,99.08460236,33.13375092,22.73209953
33.91500092,98.48161316,34.58375168,22.33577728
35.36500168,98.34671783,36.03374863,22.38604164
36.86500168,97.82858276,37.53374863,23.27320862
38.31499863,98.92715454,38.98374939,22.37203407
39.76499939,97.83088684,40.43375015,22.33766937
41.16500092,96.82453156,41.83375168,22.62181282
42.61500168,98.64779663,43.28374863,22.03885841
44.06499863,98.50357819,44.73500061,22.58377457
45.56499863,98.36003876,46.23374939,22.66747093
46.96500015,97.98205566,47.63499832,21.23846245
48.41500092,99.0216217,49.08499908,21.7297802
49.86500168,98.09399414,50.53499985,21.91176987
51.31499863,98.27939606,51.98500061,22.09760094
52.76499939,98.93273926,53.43500137,22.37320518
54.26499939,99.46363068,54.93375015,22.21062851
55.76499939,98.3919754,56.43500137,22.47863007
57.26499939,99.2518692,57.93375015,22.0512085
58.76499939,98.11405945,59.43375015,22.27485847
60.21500015,98.64775085,60.88375092,155.119873
61.66500092,251.4775391,62.33375168,80.15172577
63.11500168,103.1041412,63.78374863,35.15618896
64.56500244,88.88726044,65.23500061,36.11675644
66.01499939,88.8391037,66.68374634,36.7603035
67.51499939,89.30857086,68.18499756,38.06911087
68.96499634,87.76180267,69.63500214,38.93135071
70.41500092,87.57894897,71.08499908,39.40220642
71.91500092,85.94493103,72.58374786,40.1128273
73.41625214,84.33792877,74.08499908,41.10668945
74.86499786,83.93980408,75.53500366,41.80513763
76.31500244,81.04008484,76.98500061,42.96031952
77.76499939,82.46020508,78.43499756,44.88929749
79.21499634,81.39424133,79.88500214,46.5654068
80.71499634,79.94307709,81.38375092,46.77291107
82.11499786,78.84432983,82.78500366,48.24207687
83.61499786,77.6842804,84.28375244,48.65559006
85.11499786,76.10295868,85.78500366,51.27305603
86.56500244,73.88106537,87.23500061,51.57479095
88.06500244,73.46525574,88.73500061,53.97580719
89.51499939,71.11197662,90.18374634,54.25366974
90.91500092,70.16134644,91.58499908,55.41483307
92.36499786,69.70787811,93.03500366,58.10153961
93.81500244,67.56917572,94.48500061,59.01639557
95.31500244,64.9141922,95.98374939,60.14260483
96.71499634,64.95635223,97.38500214,62.453228
98.16500092,62.62738419,98.83499908,63.46778488
99.61499786,62.19274139,100.2850037,64.64099121
101.0650024,61.95050812,101.7350006,66.11252594
102.5662537,59.6102562,103.2350006,66.67370605
104.0149994,58.00051117,104.6837463,68.50455475
105.4150009,57.65520477,106.0849991,69.23342896
106.8649979,55.52908325,107.5350037,70.35014343
108.3150024,54.88216019,108.9850006,71.43872833
109.7649994,53.54122925,110.4349976,73.36554718
111.2149963,52.50812912,111.8850021,74.16416168
112.7149963,51.78985596,113.3837509,74.51834869
114.1149979,51.18301392,114.7850037,76.54695892
115.5650024,50.46575546,116.2350006,75.96253967
117.0650024,49.711586,117.7337494,77.09313965
118.5650024,47.66534042,119.2350006,78.00332642
120.0650024,47.53035736,120.7337494,77.97729492
121.5650024,47.19685745,122.2350006,79.72884369
123.0149994,46.86408234,123.6849976,80.81661224
124.4649963,45.17729568,125.1350021,80.09873962
125.9162521,45.98888779,126.5849991,80.50276947
127.3649979,45.64504623,128.0350037,81.65849304
128.8150024,44.39113617,129.4850006,81.36402893
130.2649994,43.73129654,130.9349976,81.66168213
131.7149963,44.07960892,132.3849945,83.32850647
133.1649933,42.4484787,133.8350067,83.50367737
134.6150055,42.47865295,135.2850037,82.98952484
136.0650024,41.91680908,136.7350006,84.43975067
137.5149994,42.15935898,138.1849976,84.56543732
138.9649963,42.11047363,139.6349945,84.06965637
140.4649963,41.3589325,141.1337433,83.74240112
141.8650055,40.50821304,142.5350037,86.00051117
143.3150024,41.15116882,143.9850006,85.83821869
144.7649994,40.21370697,145.4349976,84.03097534
146.2149963,39.66794586,146.8849945,85.11455536
147.6649933,40.29399109,148.3350067,87.31956482
149.1150055,40.14286041,149.7850037,85.12728119
150.6150055,40.12717438,151.2837524,86.13545227
152.1150055,39.61018372,152.7850037,85.28029633
153.5650024,39.88597488,154.2350006,86.22597504
155.0650024,38.62132645,155.7337494,85.32868195
156.5149994,38.39998245,157.1837463,86.77864075
157.9149933,39.18229294,158.5850067,86.34391785
159.3650055,38.1963501,160.0350037,87.18611908
160.8150024,38.4753685,161.4837494,87.74173737
162.2649994,37.79707718,162.9337463,86.41843414
163.7149963,38.51107407,164.3837433,86.86993408
165.1649933,38.11457062,165.8337555,86.92990875
166.6649933,37.77783966,167.3350067,87.37267303
168.1150055,36.80832291,168.7850037,87.65488434
169.5650024,37.20349121,170.2350006,87.1627121
171.0149994,37.66201401,171.6849976,88.14065552
172.4649963,36.1123085,173.1349945,87.98471069
173.9149933,37.3128891,174.5850067,86.54934692
175.3650055,36.76488876,176.0350037,87.29122925
176.8150024,37.59013367,177.4850006,88.67447662
178.2649994,36.90055847,178.9349976,87.37515259
179.7149963,37.05239105,180.3849945,88.5005722
181.1649933,37.40525436,181.8337555,89.18212891
182.6150055,36.59065628,183.2837524,88.295578
184.0650024,36.67387772,184.7337494,88.4549408
185.5149994,36.54141235,186.1837463,88.01953125
187.0162506,36.20732498,187.6849976,87.28352356
188.4649963,36.6109848,189.1349945,88.54402924
189.9149933,36.13286972,190.5837555,88.35857391
191.3650055,36.43878937,192.0337524,89.08257294
192.8650055,35.94410324,193.5350037,88.33734894
194.3150024,36.54589081,194.9850006,88.01974487
195.7649994,36.26935959,196.4349976,89.14510345
197.2149963,35.61323166,197.8837433,87.94517517
198.6649933,35.53297424,199.3337555,89.10832977
200.1150055,36.34298706,200.7837524,88.91070557
201.5650024,37.01667786,202.2337494,88.82299042
203.0650024,35.48901367,203.7350006,88.20320129
204.5149994,35.09851837,205.1849976,88.86550903
205.9649963,35.75195313,206.6349945,88.80319214
207.4149933,36.08916855,208.0850067,89.4755249
208.8662567,35.41845322,209.5350037,89.83595276
210.3150024,35.7658577,210.9850006,88.62895966
211.7649994,36.07672882,212.4349976,89.13713074
213.2149963,34.93083954,213.8849945,89.45994568
214.6649933,35.84843826,215.3350067,87.10459137
216.1150055,35.67059708,216.7850037,88.14669037
217.5650024,35.04808426,218.2350006,90.1307373
219.0149994,35.26622009,219.6837463,88.48439026
220.4649963,35.13927841,221.1337433,88.28879547
221.9149933,35.19955063,222.5837555,90.93301392
223.3650055,35.24290466,224.0337524,88.65658569
224.8650055,35.35648727,225.5350037,89.13245392
226.3650055,34.41620636,227.0337524,88.54753113
227.7649994,34.89201736,228.4349976,89.09921265
229.2149963,34.0381279,229.8837433,89.59372711
230.6649933,34.75554657,231.3337555,88.68037415
232.1150055,34.8122406,232.7837524,88.33032227
233.5650024,33.6652565,234.2337494,90.4310379
234.96875,34.24352646,235.6362457,89.38804626
236.4149933,34.41997147,237.0837555,88.28032684
237.8650055,34.5033989,238.5337524,90.32630157
239.2662506,34.44353104,239.9349976,88.68369293
240.7149963,34.39068604,241.3837433,88.48589325
242.1649933,33.91554642,242.8337555,90.08631897
